time,close,high,low,open,volumefrom,volumeto
1352505600,11.01,11.18,10.7,10.82,65333.1,713877.82
1352764800,11.2,11.3,10.82,11.01,73201.77,806361.79
1353024000,11.65,11.83,11.17,11.2,92872.76,1074178.64
1353283200,11.77,11.84,11.57,11.65,71645.9,838860.73
1353542400,12.41,12.48,11.67,11.77,96839.59,1179012.4
1353801600,12.2,12.65,11.89,12.41,93132.2,1145434.55
1354060800,12.57,12.65,12.1,12.2,81543.86,1012266.23
1354320000,12.68,12.69,12.43,12.57,55467.95,697169.15
1354579200,13.3,13.69,12.62,12.68,139603.19,1842690.85
1354838400,13.39,13.55,12.98,13.3,74137.7,987720.9
1355097600,13.7,13.8,13.27,13.39,90390.01,1222204.95
1355356800,13.49,13.9,13,13.7,109529.32,1488198.26
1355616000,13.3,13.67,12.75,13.49,129612.31,1717315.26
1355875200,13.5,13.72,13.2,13.3,97117.91,1309084.98
1356134400,13.38,13.59,13.01,13.5,55453.77,738744.86
1356393600,13.42,13.47,13.14,13.38,48827.87,651926.23
1356652800,13.45,13.67,13.27,13.42,61726.35,831222.86
1356912000,13.28,13.56,13.16,13.45,61422.81,820834.44
1357171200,13.44,13.55,13.25,13.28,69004.1,925662.72
1357430400,13.74,13.88,13.36,13.44,81017.22,1102804.2
1357689600,14.14,14.35,13.62,13.74,120851.95,1691659.99
1357948800,14.3,14.35,13.95,14.14,87358.94,1237323.2
1358208000,15.5,15.7,13.99,14.3,162595.16,2386543.73
1358467200,15.7,15.99,15.25,15.5,116668.5,1822778.82
1358726400,17.5,17.59,15.63,15.7,171916.71,2904773.79
1358985600,17.88,19.19,15.39,17.5,287587.19,4996176.38
1359244800,19.53,19.8,17.21,17.88,167518.34,3127308.6
1359504000,20.5,21.43,19.15,19.53,194209.01,3954721.3
1359763200,20.43,21.05,18,20.5,166965.09,3327745.09
1360022400,22.15,22.22,20.2,20.43,145465.81,3085811.64
1360281600,23.97,24.11,22,22.15,143209.01,3298226.17
1360540800,24.2,26.3,23.65,23.97,193916.87,4871850.82
1360800000,27.22,27.6,21.72,24.2,216275.83,5617702.4
1361059200,29.42,29.65,25,27.22,206485.74,5639557.67
1361318400,30.25,31.3,28.99,29.42,138891.56,4166913.56
1361577600,30.4,30.69,28,30.25,123332.01,3627974.45
1361836800,33.38,34.52,30.12,30.4,199854.52,6417000.99
1362096000,34.5,34.9,32.92,33.38,88973.22,3031547.29
1362355200,41.02,49.1,34.19,34.5,258648.73,10732875.38
1362614400,46.85,46.99,33.3,41.02,248887.94,10493196.65
1362873600,44.29,48.47,36.65,46.85,261165.18,11688840.78
1363132800,46.95,47.99,43.75,44.29,106842.76,5005172.3
1363392000,51.6,52.88,46.27,46.95,95563.18,4624794.13
1363651200,70.85,74.9,50,51.6,299148.71,18479151.15
1363910400,71.5,73.75,52.35,70.85,265682.94,17497111.43
1364169600,88.92,89.5,69.52,71.5,208637.15,16428272.02
1364428800,92.19,95.7,75,88.92,260722.26,23065259.72
1364688000,117.98,118.36,91,92.19,192977.34,19766220.54
1364947200,142.32,147,110,117.98,309664.99,40706120.94
1365206400,187.5,194.9,139.54,142.32,193493.92,32735554.28
1365465600,124.9,266,105,187.5,414764.69,76708535.13
1365724800,90,140,54.25,124.9,961090.57,90093622.27
1365984000,93.07,102,50.01,90,1136652.38,85947110.77
1366243200,126.62,136.43,86,93.07,504506.28,56782206.62
1366502400,143.48,144.02,110,126.62,274430.21,34972343.12
1366761600,136.9,166.43,120.09,143.48,542557.8,78260762.09
1367020800,144,149.08,122.71,136.9,157611.78,21507969.61
1367280000,106.25,146.93,91.11,144,479412.11,55852699.09
1367539200,115.98,118.85,79,106.25,463303.73,46208407.09
1367798400,113.2,124.9,97.52,115.98,351460.91,39507926.43
1368057600,115.64,122.5,108.8,113.2,132470.13,15395697.29
1368316800,111.4,119.8,109.42,115.64,134552.39,15507453.5
1368576000,123.5,125.56,103.02,111.4,242323.88,27836543.36
1368835200,122.02,125.31,119.5,123.5,60540.15,7431069.78
1369094400,126.3,126.93,121.1,122.02,53813.25,6663112.31
1369353600,133.5,136,125.36,126.3,88970.34,11667459.96
1369612800,132.25,135.47,124,133.5,88876.54,11485265.56
1369872000,129.3,132.4,126.33,132.25,47633.08,6136862.65
1370131200,121.4,130.1,115,129.3,151979.9,18431372.34
1370390400,111,123.5,106.15,121.4,104510.12,12039723.81
1370649600,106.35,113.19,88,111,230970.05,23308213.23
1370908800,103.95,112.25,100.3,106.35,64267.03,6866856.54
1371168000,99.9,104.7,97.1,103.95,67241.16,6758792.03
1371427200,108.25,113.3,98.9,99.9,93372.61,9941235.61
1371686400,108.2,115.01,107.12,108.25,88442.62,9827424.61
1371945600,103.33,109.98,100,108.2,133655.39,13935012.32
1372204800,94.66,105.49,92.25,103.33,75729.42,7509579
1372464000,88.05,100.44,86.01,94.66,87280.49,8155477.38
1372723200,80.04,92.57,72,88.05,164932,13604282.4
1372982400,76.5,80.6,65.42,80.04,175048.95,12404379.95
1373241600,88,89.84,72.46,76.5,151585.28,11955395.82
1373500800,98.32,104.17,85,88,171577.61,16115290.11
1373760000,97.1,101.94,92.86,98.32,63379.55,6218550.48
1374019200,92,100,86.2,97.1,104453.84,9665506.55
1374278400,91.6,93.1,88,92,27300.31,2489462.18
1374537600,96.95,97.48,91.6,91.6,61721.74,5888155.89
1374796800,98.78,100.58,93,96.95,68496.75,6670382.03
1375056000,106.21,111.65,98.45,98.78,98088.72,10309380.04
1375315200,104.95,108,101.21,106.21,51427.65,5397733.35
1375574400,106.56,107.77,103.5,104.95,35222.77,3742649.89
1375833600,102.8,106.96,100.96,106.56,43770.63,4539744.32
1376092800,106.81,108.12,102.38,102.8,32250.49,3397021.75
1376352000,109.99,115,104.5,106.81,85177.29,9464102.66
1376611200,113.38,114.69,108.21,109.99,35944.12,4008910.99
1376870400,123.3,125,111.77,113.38,107993,12960443.59
1377129600,119.6,124.49,118.02,123.3,42386.66,5089082.42
1377388800,131.29,133,119.14,119.6,72738.18,9173109.01
1377648000,138.03,142.76,128.02,131.29,66851.7,8956283.33
1377907200,144,148.7,135.89,138.03,55890.38,8035282.71
1378166400,130.2,148.91,127.24,144,72782.55,9968384.16
1378425600,126.32,134,121.25,130.2,40709.78,5159133.5
1378684800,142.1,145.9,124,126.32,80121.31,10799110.36
1378944000,136.71,145.6,136.5,142.1,49541.66,6993978.07
1379203200,139.15,142.23,135.04,136.71,26691.71,3711033.89
1379462400,133.81,142,131,139.15,41561.21,5675277.55
1379721600,133.4,135.99,131,133.81,16976.73,2264512.63
1379980800,137.1,139,132.5,133.4,24628.96,3329301.3
1380240000,143.88,145.81,134.83,137.1,58900.22,8287835.83
1380499200,123,145.81,109.7,143.88,135516.86,17300864.03
1380758400,136.7,139.8,120.1,123,58773.15,7659697.88
1381017600,136.49,139,134.1,136.7,17479.28,2379261.32
1381276800,140.1,142.1,135.8,136.49,35820.97,4995848.44
1381536000,151.37,153.69,139.39,140.1,57185.45,8414345.77
1381795200,157.59,162.99,144.2,151.37,74389.87,11523088.38
1382054400,186.1,195.8,156.49,157.59,92586.79,16313299.99
1382313600,227.97,227.98,183.18,186.1,97861.19,19901817.8
1382572800,188.56,233.38,175.3,227.97,145584.29,28906494.25
1382832000,216,216.5,188.95,188.56,34246.9,7040024.19
1383091200,213.43,216.49,203.99,216,24644.87,5226929.78
1383350400,238.16,238.98,211,213.43,35209.13,7904170.41
1383609600,309.65,324.21,229,238.16,170049.21,46901285.3
1383868800,336.32,394.99,289.96,309.65,168795.71,57725080.36
1384128000,434.85,444.97,321.41,336.32,76042.74,29420619.13
1384387200,461.96,476.94,402.54,434.85,78667.18,34464756.79
1384646400,645.69,900.92,456.98,461.96,197892.24,127897593.89
1384905600,802,821.99,453.29,645.69,160476.74,100563423.04
1385164800,829.99,890.03,745.21,802,73644.05,60122787.55
1385424000,1101.38,1224.48,825.08,829.99,106869.77,109066878.61
1385683200,1004.39,1241.92,840.27,1101.38,133724.49,146541723.77
1385942400,1237.55,1239.7,974.97,1004.39,72682.39,80510390.34
1386201600,697.02,1239.86,576.03,1237.55,209623.81,183767164.93
1386460800,1033.72,1067.7,653.03,697.02,80939.07,69332599.88
1386720000,936.77,1056.76,839.51,1033.72,51646.05,48023141.04
1386979200,759.92,947.93,714.03,936.77,68080.49,56733333.6
1387238400,731.95,779.96,454.86,759.92,187979.28,115442977.35
1387497600,639.49,774.39,610,731.95,61127.05,41535072.29
1387756800,707.25,729.94,631.01,639.49,31355.85,21579454.26
1388016000,761.99,836.83,707.21,707.25,50755.9,39410779.2
1388275200,805.94,818.83,734.98,761.99,26685.71,21154371.09
1388534400,884.26,888.23,770.97,805.94,33277.87,27900393.05
1388793600,1012.65,1093.44,848.32,884.26,58689.74,57196229.05
1389052800,936.95,1043.98,858.9,1012.65,51174.8,47898796.03
1389312000,939.79,1022.67,905.88,936.95,27464.22,26477373.13
1389571200,941.22,973.09,879.94,939.79,21272.6,19629587.78
1389830400,905.72,955.53,867.22,941.22,21456.43,19416857.98
1390089600,962.21,980.54,901.88,905.72,24562.26,23341954.54
1390348800,916.55,973.94,902.89,962.21,12954.46,12027090.65
1390608000,943.54,1038.06,915.86,916.55,29582.22,28904429.55
1390867200,941.39,972.61,909.46,943.54,21509.55,20038954.31
1391126400,953.31,969.19,924.59,941.39,10257.86,9638942.92
1391385600,904.52,959.58,890.05,953.31,14957.28,13718523.05
1391644800,648.78,908.77,632.08,904.52,91382.21,67635960.98
1391904000,578.96,700.04,500.04,648.78,76740.87,47142116.71
1392163200,427.68,585.12,302.18,578.96,116063.14,51107322.06
1392422400,272.28,540.03,220.37,427.68,188237.12,61098924.8
1392681600,111.92,370.12,109.22,272.28,182563.92,39356773.77
1392940800,310.17,349.15,91.66,111.92,193310.29,33112855.01
1393200000,593.14,650,102.33,310.17,126147.54,22305879.94
1393459200,557.39,629.9,262.77,593.14,1408.04,894388.86
1393718400,661.85,695.44,541.54,557.39,3455.8,2211804.07
1393977600,616.73,665.97,600.31,661.85,5663.38,3721479.07
1394236800,612.97,637.6,588.58,616.73,6744.19,4194956.09
1394496000,625.04,640.79,599.92,612.97,9037.7,5711535.12
1394755200,619.14,631.23,609.18,625.04,10758.75,6738341.48
1395014400,594.96,622.49,585.66,619.14,10810.03,6626179.65
1395273600,564.34,598.41,537.16,594.96,11829.5,6723699.8
1395532800,562.89,572.52,531.27,564.34,11669.03,6482728.38
1395792000,482.61,575.42,453.75,562.89,11601.52,6120768.13
1396051200,444.66,494.28,422.49,482.61,12293.96,5708147.39
1396310400,436.31,487.35,386.67,444.66,12375.29,5558530.2
1396569600,455.69,472.38,415.51,436.31,7314.9,3302121.82
1396828800,457.34,485.06,447.98,455.69,11742.07,5496850.35
1397088000,437.65,469.83,355.71,457.34,13999.02,6015907.44
1397347200,526.43,526.63,409.85,437.65,20596.42,9635276.12
1397606400,485.52,549.05,472,526.43,24422.09,12403054.75
1397865600,495.16,524.67,473.16,485.52,23411.96,11722820.44
1398124800,500.29,520.51,477.22,495.16,14652.97,7240400.62
1398384000,443.18,502.49,437.39,500.29,20300.5,9312689.13
1398643200,445.63,453.78,420.78,443.18,12348.39,5506839.48
1398902400,438.65,464.49,429.09,445.63,10152.82,4591303.66
1399161600,432.19,446.61,420.23,438.65,10600.78,4608629.64
1399420800,445.45,458.78,423.55,432.19,9841.1,4357928.59
1399680000,438.21,459.46,429.02,445.45,3724.51,1665613.86
1399939200,448.1,450.03,432.74,438.21,7021.36,3131084.63
1400198400,450.14,455.94,441.86,448.1,4912.55,2230216.91
1400457600,488.84,495.21,437.25,450.14,4644.94,2175206.35
1400716800,520.46,540.88,485.55,488.84,8745.58,4539205.2
1400976000,570.1,586.41,520.53,520.46,8185.61,4698192.44
1401235200,612.35,613.26,557.7,570.1,13509.92,7864680.88
1401494400,655.49,674.98,604.73,612.35,12096.28,7711995.21
1401753600,660.18,676.47,602.1,655.49,12719.03,8310363.33
1402012800,651.05,663.84,641.02,660.18,11318.27,7444846.66
1402272000,642.95,663.04,639.08,651.05,10617.72,6958336.97
1402531200,583.42,643.8,563.68,642.95,17131.33,10526269.73
1402790400,605.09,608.43,560.85,583.42,10933.63,6496574.76
1403049600,590.75,614.4,587.1,605.09,11067.34,6783574.82
1403308800,591.17,610.08,582.86,590.75,6972.46,4209416.28
1403568000,582.7,595.65,565.85,591.17,10316.08,6039337.01
1403827200,601.06,608.76,580.14,582.7,9219.76,5529989.43
1404086400,645.72,652.54,596.55,601.06,12723.39,8169977.3
1404345600,622.96,646.4,619.69,645.72,10859.39,6907558.28
1404604800,615.32,629.44,607.32,622.96,8436.93,5294086.09
1404864000,632.9,633.62,610.53,615.32,9795.11,6142853.43
1405123200,618.32,638.64,616.06,632.9,7690.22,4863689.14
1405382400,626.58,632.55,610.01,618.32,9612.54,6017230.28
1405641600,620.98,634.14,617.92,626.58,9608.66,6057260.5
1405900800,621.69,628.81,615.02,620.98,7982.32,5038426.55
1406160000,596,621.96,593.25,621.69,14138.87,8583908.21
1406419200,585.77,601.49,578.14,596,12580.99,7472893.8
1406678400,598.78,603.99,564.01,585.77,16551.73,9812084.66
1406937600,592.77,598.91,580.62,598.78,6801.45,4078899.57
1407196800,592.8,595.08,585.44,592.77,9599.48,5700269.61
1407456000,592.06,608.2,587.41,592.8,5861.95,3513346.5
1407715200,542.1,593.62,523.15,592.06,10712.98,6066564.93
1407974400,522.01,544.94,483.21,542.1,19518.04,9972712.03
1408233600,485.12,524.71,449.95,522.01,14642.54,7033679.44
1408492800,516.1,537.17,468.51,485.12,17559.17,9056919.4
1408752000,502.93,516.82,493.98,516.1,8402.1,4300594.17
1409011200,510.75,527.37,501.81,502.93,11781.63,6120507.58
1409270400,481.78,515.18,478.31,510.75,12367.87,6196869.04
1409529600,480.04,487.47,470.54,481.78,19677.36,9571690.1
1409788800,484.47,498.47,476.26,480.04,18636.14,9241446
1410048000,474.9,490.72,467.52,484.47,18992.09,9233340.06
1410307200,477.73,491.04,471.14,474.9,19728.04,9660253.64
1410566400,477.71,480.64,471.96,477.73,15110.24,7355045.18
1410825600,424.26,478.81,408.77,477.71,22951.89,10608725.4
1411084800,401.62,429.17,386.1,424.26,39679.5,16212111.34
1411344000,423.77,445.51,394.75,401.62,52820.37,22240627.87
1411603200,399.02,427.55,394.69,423.77,36477.44,15060296.71
1411862400,388.17,402.27,372.63,399.02,51542.78,19898530.7
1412121600,363.45,395.13,362.81,388.17,48839.77,18642521.53
1412380800,331.55,369.88,294.92,363.45,94058.69,31205396.43
1412640000,360.91,384.61,321.74,331.55,87534.74,30509556.51
1412899200,373.17,378.13,350.49,360.91,53564.4,19521736.99
1413158400,393.17,407.74,366.04,373.17,74927.22,29352431.49
1413417600,390.88,398.84,371.56,393.17,46799.56,17981947.74
1413676800,382.35,394.49,377.42,390.88,25543.13,9909998.08
1413936000,355.1,383.69,351.41,382.35,49686.93,18249378.67
1414195200,350.09,356.8,341.53,355.1,36224.22,12783622.37
1414454400,344.86,355.72,333.44,350.09,37815.68,13154414.22
1414713600,322.55,347.97,319.81,344.86,39675.08,13233312.32
1414972800,338.01,341.98,320.11,322.55,44386.52,14732888.93
1415232000,343.54,351.61,335.74,338.01,38855.24,13439089.69
1415491200,365.42,374.67,341.78,343.54,51223.22,18671392.16
1415750400,396.53,480.45,365.81,365.42,132460.55,55292737.37
1416009600,384.69,412.33,367.97,396.53,55280.04,21625408.88
1416268800,357.3,394.94,355.11,384.69,68945.41,26081736.16
1416528000,365.85,370.59,343.8,357.3,48824.81,17427980.7
1416787200,365.35,395.73,361.92,365.85,93861.8,35566184.19
1417046400,376.28,389.3,358.37,365.35,140316.59,53246041.93
1417305600,380.64,384.87,372.57,376.28,56248.03,21415244.95
1417564800,377.63,384.67,366.24,380.64,78825.51,29723492.32
1417824000,364.95,380.33,364.6,377.63,42802.24,16021853.68
1418083200,347.68,367.13,337.8,364.95,122041.59,43128478.67
1418342400,349.35,356.43,343.81,347.68,58735.74,20655663.08
1418601600,320.02,351.22,314.31,349.35,122088.95,40582565.16
1418860800,330.35,332.62,303.4,320.02,132148.28,41820879.28
1419120000,335.25,339.32,319.89,330.35,80099.5,26498322.03
1419379200,329.98,336.28,316.3,335.25,59918.48,19557658.93
1419638400,314.12,330.7,308.28,329.98,62401.41,19880602.68
1419897600,314.89,321.36,308.89,314.12,56094.05,17708973.2
1420156800,264.72,316.4,255.87,314.89,150864.65,43138928.6
1420416000,291.34,296.06,262.89,264.72,107599.53,29920187.18
1420675200,273.35,292.71,271.98,291.34,55832.17,15906872.85
1420934400,221.29,278.01,217.1,273.35,135994.01,33768028.18
1421193600,206.92,231.26,157.29,221.29,357670.03,71792892.25
1421452800,215.87,220.73,191.71,206.92,115077.53,23859140.01
1421712000,232.7,238.78,203.42,215.87,134374.59,29825071.28
1421971200,252.09,256.43,224.84,232.7,121594.84,29376800.09
1422230400,236.17,310.91,228.06,252.09,219745.94,58817895.83
1422489600,218.51,244.83,216.46,236.17,144866.8,33685331.25
1422748800,227.41,247.48,209.71,218.51,143258.01,33024087.73
1423008000,222.96,230.71,214.35,227.41,148400.58,33179531.61
1423267200,220.34,231,215.66,222.96,160496.69,35804288.4
1423526400,221.79,223.53,214.44,220.34,207989.61,45871175.21
1423785600,233.27,264.57,220.62,221.79,425192.38,103477851.39
1424044800,235.2,247.17,228.01,233.27,331389.54,78927577.6
1424304000,244.41,247.76,234.87,235.2,192590.77,46858078.35
1424563200,238.89,246.54,231.33,244.41,183406.42,43751860.33
1424822400,253.47,258.72,233.5,238.89,256775.65,63440145.83
1425081600,273.75,274.8,244.77,253.47,171829.98,44526281.51
1425340800,275.23,287.06,262.81,273.75,427458.24,117906975.37
1425600000,274.49,278.78,269.02,275.23,209912.92,57625773.86
1425859200,295.6,300.96,273.79,274.49,389929.17,113459672.17
1426118400,281.6,296.98,279.3,295.6,280383.36,81392240.5
1426377600,285.38,294.01,280.37,281.6,170808.66,49370139.36
1426636800,261.78,285.65,247,285.38,440263.9,115769503.9
1426896000,265.46,271.01,254.02,261.78,189735.05,50144050.31
1427155200,248.02,267.02,234.84,265.46,371998.3,92537893.99
1427414400,242.08,254.25,238.93,248.02,195161.22,48406108.23
1427673600,246.24,248.83,236.55,242.08,227741.42,55892032.76
1427932800,252.89,256.53,244.25,246.24,183822.71,46423650.24
1428192000,252.97,261.45,250.15,252.89,134553.88,34535721.42
1428451200,234.73,254.26,231.3,252.97,272039.21,65976751.65
1428710400,223.59,240,220.36,234.73,190169.2,44116974.35
1428969600,227.98,229.53,214.27,223.59,277305.8,61730002.71
1429228800,223.02,229.28,220.56,227.98,138956.93,31152583.15
1429488000,233.78,238.4,221.58,223.02,190779.95,44021572.11
1429747200,226.14,236.55,223.05,233.78,156016.79,36219456.11
1430006400,225.81,242.65,214.14,226.14,290147.69,64681589.51
1430265600,233.21,240.01,222.25,225.81,233267.11,54163957.3
1430524800,238.97,243.58,231.73,233.21,161906.99,38691979.91
1430784000,237.73,240.25,228.24,238.97,272584.43,63776821.08
1431043200,239.96,247.87,235.77,237.73,194292.76,47141400.1
1431302400,236.38,243.95,234.07,239.96,181672.85,43861140.49
1431561600,236.23,239.17,232.36,236.38,144099.78,34181504.2
1431820800,232.02,237.77,231.27,236.23,122511.78,28804592.86
1432080000,240.37,242,231.47,232.02,166734.3,39371795.81
1432339200,237.41,242.39,235.81,240.37,92670.94,22239204
1432598400,237.32,238.99,235.58,237.41,120852.64,28796605.99
1432857600,229.84,237.89,229.13,237.32,119552.15,28016569.59
1433116800,225.59,231.76,220.97,229.84,202214.94,45604808.05
1433376000,224.74,226.71,222.15,225.59,122978.92,27712936.65
1433635200,229.56,231.36,222.21,224.74,169471.52,38538968.87
1433894400,230.46,231.58,227.84,229.56,120388.2,27708832.81
1434153600,237,238.55,229.01,230.46,134370.69,31510494.2
1434412800,248.44,258.48,235.7,237,322227.07,80031199.22
1434672000,244.1,250.81,238.7,248.44,161133.44,39526314.82
1434931200,240.56,248.6,239.05,244.1,133125.28,32561256.08
1435190400,250.73,251.57,239.32,240.56,132678.27,32429268.31
1435449600,264.12,268.73,246.62,250.73,249068.01,64082047.26
1435708800,255.4,265,252.44,264.12,148518.92,38212985.14
1435968000,269.08,277.48,253.37,255.4,171975.21,35650846.27
1436227200,269.14,273.57,263.18,269.08,135285.59,36320902.67
1436486400,310.44,315.88,266.91,269.14,284363.53,83705707.5
1436745600,283.42,310.88,276.85,310.44,267043.73,77651341.26
1437004800,274.05,290.84,243.24,283.42,238782.99,66731024.87
1437264000,275.09,281.05,271.82,274.05,125853.24,34890966.73
1437523200,288.37,289.81,273.12,275.09,151989.84,42561988.07
1437782400,293.01,295.79,284.67,288.37,142350.84,41421265.94
1438041600,287.02,296.68,284.91,293.01,144531.93,42093325.38
1438300800,281.36,288.69,275.93,287.02,124310.76,35066536.47
1438560000,281.72,285.66,278.94,281.36,129021.28,36593203.93
1438819200,258.6,281.98,257.42,281.72,158616.94,43546872.12
1439078400,269.03,269.9,258.56,258.6,157405.93,41710130.54
1439337600,265.03,271.5,260.21,269.03,165549.01,44094285.83
1439596800,257.13,266.55,252.87,265.03,155826.03,40561755.06
1439856000,234.66,257.53,214.29,257.13,431307.02,100635824.33
1440115200,226.75,236.3,221.04,234.66,180695.37,41666733.62
1440374400,224.97,230.69,196.26,226.75,480301.32,104646615.37
1440633600,228.5,234.81,219.6,224.97,194646.99,44454732.99
1440892800,227.18,232.32,224.2,228.5,160858.89,36846296.93
1441152000,230.25,231.06,225.36,227.18,174678.87,39955500.6
1441411200,239.58,243.64,228.29,230.25,171739.19,40937573
1441670400,238.08,246.38,234.31,239.58,206155.08,49689337.5
1441929600,230.19,241.02,228.28,238.08,141143.68,33382981.96
1442188800,228.6,242.83,225.05,230.19,162526.53,37363110.72
1442448000,231.11,235.17,227.95,228.6,143700.09,33377869.98
1442707200,230.01,233.24,224.07,231.11,158123.82,36246930.68
1442966400,235.03,237.58,228.5,230.01,177301.28,41372920.9
1443225600,238.87,240.39,231.84,235.03,140703.07,33162417.26
1443484800,237.05,240.39,234.39,238.87,160696.28,38118993.23
1443744000,238.33,277.58,235.14,237.05,123100.76,29335651.97
1444003200,242.98,247.61,236.41,238.33,202685.2,49237261.85
1444262400,245.35,245.93,241.34,242.98,123687.4,30207167.95
1444521600,248.78,251.19,243.11,245.35,156696.82,38747435.65
1444780800,262.87,267.27,248.28,248.78,225395.73,57862543.5
1445040000,263.82,275.41,259.53,262.87,224277.08,59989351.21
1445299200,274.42,278.74,262.7,263.82,228194.18,61689215.02
1445558400,287.86,295.56,273.17,274.42,243355.79,69043619.09
1445817600,303.54,307.46,279.62,287.86,295482.75,86915100.65
1446076800,311.24,334.92,300.16,303.54,401240.49,127753763.56
1446336000,396.49,416.78,304.72,311.24,718800.39,263773234.87
1446595200,369.81,492.8,348.84,396.49,1075961.81,446358426.57
1446854400,380.22,391.75,360.17,369.81,322917.73,122477517.58
1447113600,333.85,381.38,292.38,380.22,638865.18,212095307.09
1447372800,317.45,369.8,314.16,333.85,256676.03,84957060.36
1447632000,335.92,342.91,314.06,317.45,263744.9,87400158.3
1447891200,324.7,335.64,309.48,335.92,241357.4,78286383.29
1448150400,318.35,326.94,315.54,324.7,130142.34,42037597.48
1448409600,359.52,368.92,315.69,318.35,392541.08,135552161.56
1448668800,377.97,382.56,350.49,359.52,253304.02,93447579.91
1448928000,360.31,379.02,347.16,377.97,291579.64,105375843.05
1449187200,393.38,402.19,354.31,360.31,307603.6,117327289.73
1449446400,416,424.58,381.69,393.38,318474.91,128935837.55
1449705600,432.29,467.71,403.69,416,458160.84,198066829.06
1449964800,462.65,464.23,420.76,432.29,390127.67,173879047.39
1450224000,463.18,466.12,437.37,462.65,333206.06,152105704.52
1450483200,437.59,465.99,423.99,463.18,304831.93,135914600.7
1450742400,452.98,460.62,433.25,437.59,208636.59,92819547.64
1451001600,422.39,457.44,400.45,452.98,318555,136076033.05
1451260800,427.15,435.04,417.14,422.39,207260.71,88431501.92
1451520000,433.72,437.95,417.14,427.15,145756.98,62659386.26
1451779200,431.2,435.26,423.09,433.72,152864,65933719.82
1452038400,452.87,462.92,425,431.2,264934.08,118549975.02
1452297600,447.72,454.55,438.62,452.87,140854.63,63104051.46
1452556800,429.13,448.41,420.39,447.72,182798.5,79387326.57
1452816000,382.47,430.15,350.39,429.13,518193.1,200822101.44
1453075200,414.58,425.72,373.21,382.47,325963.51,128838259.93
1453334400,388.61,423.42,374.9,414.58,296178.33,117722266.02
1453593600,389.78,405.4,385.53,388.61,188999.91,74947974.8
1453852800,380.29,397.37,363.49,389.78,259454.08,98941972.25
1454112000,372.18,381.75,365.27,380.29,149545.32,56167601.5
1454371200,390.65,391.83,366.2,372.18,212662.82,80351840.11
1454630400,377.94,391.15,372.87,390.65,180510.62,68885243.22
1454889600,381.88,385.38,371.42,377.94,215082.93,81363554.95
1455148800,390.1,392.57,372.75,381.88,164571.06,63301277.12
1455408000,406.42,410.85,390.06,390.1,228047.24,92031828.53
1455667200,419.98,425.51,405.05,406.42,219909.7,92092275.31
1455926400,437.79,447.61,419.49,419.98,268136.01,117185062.83
1456185600,423.48,440.76,410.36,437.79,213765.91,90649005.55
1456444800,432.47,435.62,419.11,423.48,146851.74,63061541.69
1456704000,425.36,441.32,423.85,432.47,193979.66,84284302.25
1456963200,399,425.83,386.93,425.36,283319.21,116331298.46
1457222400,411.9,416.72,393.09,399,178137.79,72878602.17
1457481600,419.11,422.4,408.94,411.9,167287.66,69619846.92
1457740800,414.31,420.67,407.03,419.11,143946.12,59589339.36
1458000000,418.16,419.56,412.31,414.31,136952.53,57146905.74
1458259200,411.53,418.58,402.13,418.16,133608.78,54840343.62
1458518400,416.98,419.58,407.25,411.53,132839.42,55107072.1
1458777600,416.51,417.71,412.41,416.98,101473.22,42338179.67
1459036800,415,427.36,406.36,416.51,174282.19,73313757.55
1459296000,415.64,417.16,408.4,415,123342.12,51150576.81
1459555200,419.33,420.39,415.09,415.64,87544.31,36760494.36
1459814400,420.14,423.67,417.94,419.33,109611,46297619.16
1460073600,420.25,423.51,412.39,420.14,99672.08,41909046.99
1460332800,423.47,426.69,418.11,420.25,132187.83,56138492.61
1460592000,430.05,432,421.84,423.47,113805.56,48770796.42
1460851200,434.92,436.07,423.79,430.05,103836.97,44645859.5
1461110400,445.28,450.8,432.51,434.92,187199.66,83049347.37
1461369600,461.73,466.23,443.07,445.28,198449.08,90597165.7
1461628800,448.48,468.86,433.9,461.73,240298.75,109360712.29
1461888000,452.24,456.86,445.22,448.48,101904.71,46098058.22
1462147200,445.8,453.87,440.21,452.24,163045.16,72831875.14
1462406400,458.46,461.48,444.35,445.8,141288.25,64135679.42
1462665600,449.36,464.18,446.81,458.46,136011.71,62259550.37
1462924800,455.41,457.22,448.4,449.36,121541.98,55158924.88
1463184000,454.87,460.28,450.73,455.41,78158.62,35796392.82
1463443200,442.66,456.65,441.12,454.87,126620.39,57252470.79
1463702400,439.62,447.76,435.42,442.66,100170.36,44320244.69
1463961600,449.78,451.21,438.24,439.62,106828.14,47677710.88
1464220800,524.22,531.76,447.67,449.78,323562.51,156389025.68
1464480000,528.92,548.04,493.22,524.22,344178.68,183082878.45
1464739200,567.03,573.72,521.3,528.92,231534.7,126587670.44
1464998400,583.58,592.68,560.87,567.03,215614.49,124718598.08
1465257600,574.69,591.32,543.63,583.58,182911.76,105799264.93
1465516800,666.55,683.85,571.14,574.69,305098.41,190765938.21
1465776000,690.77,718.24,652.78,666.55,431001.08,295764466.87
1466035200,753.77,776.04,687.43,690.77,565964.95,421064001.13
1466294400,667.38,765.1,626.05,753.77,420818.85,296272023.96
1466553600,656.89,687.39,539.28,667.38,660753.99,412830742.63
1466812800,644.66,688.1,609.9,656.89,289199.37,187592366.37
1467072000,670.02,673.04,621.76,644.66,245080.56,158786986.54
1467331200,661.64,701.49,644.61,670.02,258876.12,175541734.56
1467590400,672.7,679.19,644.04,661.64,165597.31,111152300.22
1467849600,651.83,676.19,604.95,672.7,325513.89,208943560.38
1468108800,670.56,673.19,636.8,651.83,141790.07,92928933.49
1468368000,664.2,672.02,646.31,670.56,146985.69,97357817.73
1468627200,670.38,680.94,655.72,664.2,109802.37,73983011.96
1468886400,664.62,673.24,657.82,670.38,100122.71,66828261.44
1469145600,659.29,669.44,645.69,664.62,125595.14,82470430.62
1469404800,654.54,662.51,643.49,659.29,113656.97,74310664.53
1469664000,654.74,657.96,650.81,654.54,74510.83,48932259.68
1469923200,513.43,654.92,471.36,654.74,260461.67,156485960.51
1470182400,574.66,584.89,514.09,513.43,158639.3,88889113.09
1470441600,589.24,596.68,565.33,574.66,76465.35,44895175.92
1470700800,587.84,600.52,580.87,589.24,115364.73,68322014.23
1470960000,569.06,591.14,559.93,587.84,77871.4,45337298.42
1471219200,572.34,583.38,559.28,569.06,104221.28,59739797.66
1471478400,582.61,583.5,566.25,572.34,79039.64,45627949.63
1471737600,583.56,591.9,577.13,582.61,79801.11,46724749.14
1471996800,579.37,584.47,570.81,583.56,81959.07,47551780.47
1472256000,574.23,580.41,567.25,579.37,55374.55,31885995.47
1472515200,571.99,704.97,569.37,574.23,78286.26,45094314.46
1472774400,609.55,615.2,569.3,571.99,93001.91,55017281.7
1473033600,613.21,616.48,598.77,609.55,79645.01,48663921.17
1473292800,624.52,629.3,611.25,613.21,79940.89,50020655.57
1473552000,608.61,630.77,592.79,624.52,92003.98,56377154.71
1473811200,607.78,612.16,605.1,608.61,68778.76,42124790.58
1474070400,609.85,612.41,604.52,607.78,53460.73,32711264.97
1474329600,595.63,611.27,591.69,609.85,81911.51,49332733.76
1474588800,601.49,605.92,594.11,595.63,52672.72,31801326.79
1474848000,604.67,608.97,598.17,601.49,71987.47,43719728.66
1475107200,613.41,615,602.01,604.67,66206.26,40354264.35
1475366400,608.96,614.21,606.5,613.41,63473.96,38860088.09
1475625600,616.03,619.43,607.98,608.96,77751.93,47804273.53
1475884800,617.29,619.56,612.76,616.03,52282.05,32386085.74
1476144000,635.6,642.51,615.6,617.29,108333.27,68994490.78
1476403200,640.12,642.18,630.66,635.6,56689.16,36392726.61
1476662400,629.06,641.29,624.09,640.12,87578.24,55846821.01
1476921600,655.48,659.89,625.48,629.06,86129.14,55242722.35
1477180800,651,662.54,645.68,655.48,91893.3,60323780.71
1477440000,686.24,688.43,651.39,651,133196.13,90641202.66
1477699200,698.67,720.19,682.17,686.24,131403.36,92831773.37
1477958400,684.87,744.43,670.4,698.67,203517.62,146974100.26
1478217600,709.91,714.13,681.27,684.87,96064,67680854.78
1478476800,721.42,741.23,698.35,709.91,141174.24,101608173.37
1478736000,704.27,723.02,701.08,721.42,86512.71,61995820.6
1478995200,711.1,716.93,685.01,704.27,115290.22,81426020.09
1479254400,746.96,751.91,708.14,711.1,182049.8,134913724.33
1479513600,736.19,755.34,712.77,746.96,105557.29,78164040.34
1479772800,735.31,754.01,726.19,736.19,119550.18,89015176.71
1480032000,729.42,741.25,725.62,735.31,72779.19,53717816.9
1480291200,742.49,745.39,727.74,729.42,105962.59,78394494.44
1480550400,764.24,779.02,741.08,742.49,155692.58,119818683.91
1480809600,758.21,769.23,746.01,764.24,103759.27,79335580.36
1481068800,770.48,773.48,754.27,758.21,87822.03,67685958.27
1481328000,778.47,781.26,763,770.48,63917.72,49761187.82
1481587200,775.21,790.33,767.77,778.47,84115.36,65673348.13
1481846400,789.01,791.57,773.31,775.21,65721.56,51824910.63
1482105600,829.21,833.13,786.31,789.01,125234.28,101056083.1
1482364800,891.07,920.49,828.87,829.21,218811.74,193891331.09
1482624000,925.78,937.91,851.42,891.07,130962.48,118142745.97
1482883200,959.04,982.57,925.49,925.78,209250.23,200487621.18
1483142400,1017.05,1031.68,942.4,959.04,133659.46,132988398.22
1483401600,989.35,1150.63,874.53,1017.05,451068.02,471509783.51
1483660800,900.86,1027.42,806.66,989.35,401860.04,362496540.92
1483920000,785.43,917.65,751.63,900.86,310725.5,264801497.8
1484179200,819.63,838.9,739.55,785.43,254311.47,203137059.5
1484438400,899.66,906.38,808.63,819.63,139832.33,119870361.42
1484697600,892.91,913.67,845.87,899.66,166564.52,148190337.42
1484956800,921.46,938.38,888.62,892.91,121049.96,111464530.88
1485216000,915.56,925.61,883.63,921.46,130576.7,118279463.44
1485475200,914.55,922.56,907.92,915.56,56328.16,51969356.76
1485734400,982.43,986.57,911.51,914.55,118955.66,113509205.37
1485993600,1031.85,1041.04,973.5,982.43,151997.37,153471471.07
1486252800,1049.56,1054.1,1004.05,1031.85,102631.56,105816656.68
1486512000,997.61,1073.03,924.65,1049.56,274024.37,274814749.1
1486771200,995.36,1014.32,975.1,997.61,75978.41,76114582.57
1487030400,1031.93,1040.28,986.46,995.36,100977.26,102494369.07
1487289600,1048.89,1063.21,1025.87,1031.93,89026.96,93548763.58
1487548800,1120.46,1132.25,1040.99,1048.89,135973.03,149515742.92
1487808000,1149.05,1211.74,1092.41,1120.46,219768.5,255645008.65
1488067200,1189.27,1208.22,1130.61,1149.05,116813.44,138157494.26
1488326400,1283.3,1291.35,1154.55,1189.27,196921.33,245881662.75
1488585600,1277.01,1285.78,1228.73,1283.3,94875.33,120294018.09
1488844800,1191.33,1280.89,1129.35,1277.01,245457.81,295443911.97
1489104000,1225.11,1330.42,988.69,1191.33,305631.83,359665001.94
1489363200,1253.43,1256.95,1205.61,1225.11,149195.39,184921615
1489622400,971.38,1260.24,940.18,1253.43,506936.66,556060848.89
1489881600,1121.29,1125.53,967.31,971.38,260467.39,273013379.97
1490140800,939.7,1121.88,927.35,1121.29,304403.69,309671498.72
1490400000,1045.14,1048.85,890.43,939.7,303633.43,293983259.01
1490659200,1037.91,1068.41,1008.34,1045.14,223838.29,232462970.47
1490918400,1097.4,1109.48,1035.18,1037.91,212627.01,229417932.07
1491177600,1129.87,1161.19,1095.55,1097.4,238967.62,271370475.52
1491436800,1180.78,1201.55,1130.51,1129.87,185284.78,218759647.49
1491696000,1220.74,1229.57,1173.99,1180.78,122758.91,148535721.03
1491955200,1177.33,1225.46,1150.29,1220.74,158052.65,189285395.43
1492214400,1194.01,1202.97,841.53,1177.33,93798.41,112512063.15
1492473600,1238.09,1246.64,1191.14,1194.01,151289.53,187157937.33
1492732800,1249.14,1256.97,1215.78,1238.09,127766.62,162499585.32
1492992000,1286.63,1309.2,1234.86,1249.14,141336.68,183590355.99
1493251200,1336.28,1356.15,1285.3,1286.63,180310.23,243838581.26
1493510400,1445.93,1471.14,1309.66,1336.28,211086.13,303226569.32
1493769600,1507.77,1609.84,1424.05,1445.93,338807.9,523652428.92
1494028800,1664.47,1667.67,1495.18,1507.77,238184.48,379143127.19
1494288000,1819.29,1864.76,1619.97,1664.47,325917.49,574202209.67
1494547200,1772.55,1822.51,1594.59,1819.29,225444.52,393424348.35
1494806400,1801.3,1842.83,1653.72,1772.55,250401.78,439832512.77
1495065600,2040.18,2048.45,1791.12,1801.3,261716.7,506772750.67
1495324800,2272.58,2286.3,1980.07,2040.18,367331.2,786488388.08
1495584000,2244.89,2781.76,2051.45,2272.58,589187.84,1417215773.36
1495843200,2278.21,2337.35,1868.56,2244.89,440192.99,916901697
1496102400,2412.65,2460.84,2147.1,2278.21,361409.65,821362614.77
1496361600,2524.06,2582.77,2385.59,2412.65,213463.9,525994778.72
1496620800,2691.51,2931.24,2523.92,2524.06,401590.67,1104714265
1496880000,2900.25,2914.19,2623.61,2691.51,248981.98,697005399.08
1497139200,2712.99,2985.06,2483.63,2900.25,417727.47,1141151847.35
1497398400,2508.58,2803.72,2125.56,2712.99,554183,1341189403.01
1497657600,2616.82,2690.71,2454.81,2508.58,269781.73,692310639.08
1497916800,2722.84,2804.41,2613.98,2616.82,305634.76,823587512.99
1498176000,2541.62,2759.66,2472.37,2722.84,230874.71,603989837.03
1498435200,2577.74,2616.95,2309.63,2541.62,435513.53,1063221683
1498694400,2424.61,2605.86,2387.47,2577.74,214645.5,536274029.9
1498953600,2617.32,2658.73,2375.86,2424.61,231850.54,588518155.52
1499212800,2513.88,2642.74,2484.73,2617.32,240322.58,617983345.98
1499472000,2344.02,2576.73,2271.79,2513.88,217468.26,533750209
1499731200,2362.44,2436.66,2262.08,2344.02,344319.47,807724121.91
1499990400,1914.09,2370.53,1808.99,2362.44,459372.21,942711491.96
1500249600,2282.58,2412.38,1913.79,1914.09,533827.7,1191225836.74
1500508800,2836.53,2932.81,2282.11,2282.58,626010.31,1678564541.05
1500768000,2582.58,2856.67,2472.62,2836.53,397122.16,1063682006.11
1501027200,2806.75,2843.78,2441.54,2582.58,378240.33,993825888.65
1501286400,2883.27,2916.3,2621.68,2806.75,258324.56,708589012.9
1501545600,2809.99,2946.02,2659.62,2883.27,273094.6,752267859.09
1501804800,3232.03,3344.01,2779.51,2809.99,288823.75,896022406.39
1502064000,3348.79,3494.87,3198.51,3232.03,292115.31,984249756.2
1502323200,3871.62,3967.26,3322.92,3348.79,292158.32,1056692278.08
1502582400,4161.66,4436.48,3837.13,3871.62,498628.78,2052685940.51
1502841600,4105.37,4487.5,3938.62,4161.66,384775.56,1631091452.4
1503100800,4005.1,4189.68,3957.46,4105.37,274532.05,1116090643.93
1503360000,4318.35,4364.11,3612.21,4005.1,338146.24,1367371575.19
1503619200,4345.75,4461.71,4263.28,4318.35,171577.66,746868018.9
1503878400,4583.02,4647.83,4195.23,4345.75,244759.07,1094219951.64
1504137600,4573.8,4976.52,4448.64,4583.02,335076.75,1577835327.78
1504396800,4409.08,4719.78,4004.62,4573.8,431633.45,1881198683.62
1504656000,4326.45,4699.59,4130.88,4409.08,361826.38,1616476981.97
1504915200,4217.9,4402.15,4032.15,4326.45,273920.39,1158693772.75
1505174400,3243.08,4387.76,3218.98,4217.9,611174.88,2300046328.76
1505433600,3689.61,3893.67,2979.88,3243.08,713981.61,2497963653.44
1505692800,3882.16,4122.75,3689,3689.61,357787.04,1418274563.42
1505952000,3788.02,3912.79,3505.81,3882.16,327662.46,1211553440.61
1506211200,3892.7,3982.31,3633.88,3788.02,213108.76,819008966.25
1506470400,4172.79,4274.64,3882.08,3892.7,307628.15,1271867967.22
1506729600,4401.32,4477.38,4164.25,4172.79,199279.01,867904021.52
1506988800,4321.44,4435.99,4143.35,4401.32,209562.46,897385746.34
1507248000,4611.7,4622.87,4296.93,4321.44,173261.96,769274215.65
1507507200,4824.2,4930,4556.15,4611.7,279159.52,1332838056.46
1507766400,5824.71,5852.78,4814.98,4824.2,455159.36,2494517230.25
1508025600,5598.58,5862.69,5448.22,5824.71,228633.33,1288979168.93
1508284800,5993.11,6075.32,5114.87,5598.58,328936.91,1853984991.1
1508544000,5903.61,6187.2,5644.22,5993.11,355115.22,2105031079.48
1508803200,5887.61,5970.4,5375.64,5903.61,343250.84,1945354063.11
1509062400,6147.52,6295.43,5654.8,5887.62,300221.42,1760885673.96
1509321600,6737.78,6738.74,6018.97,6147.7,313065.86,1989237889.76
1509580800,7363.8,7492.24,6737.77,6737.78,500285.61,3557519808
1509840000,7102.75,7599.44,6934.73,7363.8,366460.25,2654211653.21
1510099200,6565.8,7869.1,6406.05,7102.23,568995.46,4061932665.45
1510358400,6522.45,6821.5,5493.64,6565.8,583892.83,3642518337.28
1510617600,7853.68,7964.64,6419.18,6522.45,361560.12,2567695223.22
1510876800,8042.64,8100.87,7458.9,7853.68,260348,2030112355.85
1511136000,8234.55,8368.36,7819.06,8042.64,256969.6,2095397117.64
1511395200,8754.69,8761.98,7900.17,8234.5,225675.74,1869659231.66
1511654400,9906.04,9969.58,8746.56,8754.62,280549.66,2673004212.31
1511913600,10861.47,11417.84,8938.7,9906.04,552253.04,5608672065.34
1512172800,11623.91,11851.09,10578.43,10861.47,302125.11,3388345531.88
1512432000,16850.31,16879.26,11486.13,11624.37,578372.53,7996102411.8
1512691200,15059.6,17294.85,13031,16867.98,670361.92,10149928806.55
1512950400,16286.82,17560.65,15024.56,15060.45,447978.48,7456462432.1
1513209600,19345.49,19587.7,16023.64,16286.82,373743.15,6534971446.16
1513468800,17523.7,19870.62,16812.8,19346.6,431203.14,7998869681.69
1513728000,13664.97,17813.6,10875.71,17521.73,858391.75,12656779494.94
1513987200,13833.49,15493.23,12166.45,13664.97,460062.66,6408228954.16
1514246400,14398.7,16514.59,13466.07,13830.19,452207.17,6787320971.49
1514505600,13850.4,15109.81,11962.09,14398.45,412210.62,5613037257.2
1514764800,15156.62,15435.01,12877.67,13850.49,322700.77,4618511551.81
1515024000,17172.3,17252.85,14244.67,15156.49,336857.23,5353407490.27
1515283200,14468.5,17184.81,13902.31,17174.5,321190.98,4962701537.78
1515542400,13841.19,14979.96,12825.95,14468.09,417824.19,5800870629.76
1515801600,13631.98,14595.04,13031.91,13841.19,236926.77,3304406100.16
1516060800,11175.52,13648.84,9205.38,13634.6,879252.75,9866881862.8
1516320000,11549.93,13031.04,10867.18,11175.52,360398.35,4310352755.82
1516579200,11429.02,11913.74,9980.5,11549.98,440396.49,4808608656.64
1516838400,11459.71,11741.92,10346.86,11428.11,326542.41,3652291217.39
1517097600,10107.26,12064.19,9871.21,11460.39,332703.85,3679883491.04
1517356800,8870.82,10377.96,7786.2,10107.4,653775.51,5963971838.55
1517616000,6937.08,9504.37,6627.31,8872.87,645663.67,5200841115.25
1517875200,8260.69,8643.94,5968.36,6936.43,960373.94,7152035818.61
1518134400,8084.61,9081.49,7775.36,8259.26,441190.3,3710767368.36
1518393600,9485.64,9508.22,8084.41,8084.61,357259.4,3160105584.06
1518652800,11097.21,11119.45,9363.38,9485.64,397993.93,4056417353.16
1518912000,11256.43,11802.23,10161.01,11097.21,405124.74,4486583738.72
1519171200,10175.51,11295.58,9604,11256.78,498154.27,5178121157.61
1519430400,10326.5,10528,9329.44,10175.51,325116.6,3219306934.7
1519689600,10929.37,11090.3,10154.24,10326.5,293639.62,3139387494.72
1519948800,11504.42,11539.79,10801.45,10929.37,209491.24,2355835951.41
1520208000,9928.56,11694.15,9470.73,11503.94,361260.14,3860422201.46
1520467200,8797.27,10119.21,8393.45,9928.56,505886.75,4658783308.36
1520726400,9160.12,9907.41,8484.32,8797.27,436605.93,4038775128.89
1520985600,8283.23,9360.66,7698.47,9160.12,478828.87,3988213112.8
1521244800,8623.14,8725.6,7318.46,8283.23,482267.18,3885271591
1521504000,8724.98,9184.51,8339.8,8623.14,358467.86,3165125402.53
1521763200,8472.84,9036.23,8307.58,8724.98,279721.27,2425303970.04
1522022400,7959.78,8521.04,7752.3,8472.56,330973.69,2667505840.22
1522281600,6943.77,7983.77,6595.26,7959.78,545170.15,3879255964.08
1522540800,7434.3,8218.66,6463.54,6943.77,360664.25,2544075918.5
1522800000,6634.86,7442.42,6526.67,7434.3,329086.33,2259996244.4
1523059200,6789.53,7204.28,6624.47,6634.86,272233.03,1892592378.54
1523318400,7927.73,8051.95,6676.72,6789.53,324114.65,2365412287.26
1523577600,8376.73,8437.03,7758.8,7927.73,281165.96,2279250007.03
1523836800,8189.96,8430.93,7858.12,8376.73,232665.47,1887853249.32
1524096000,8935.72,9047.82,8136.42,8189.92,281186.96,2411167357
1524355200,9655.77,9741.91,8788.44,8935.85,266460.83,2440540179.59
1524614400,8938.47,9765.23,8669.38,9657.69,386513.13,3535416564.95
1524873600,9248.45,9552.67,8892.52,8938.47,213205.49,1989142834.26
1525132800,8963.52,9251.66,8899.88,9248.25,28469.26,257326801.88
